{  
   "name":"In-A-Gadda-Da-Leela",
   "description":"Son, as your lawyer, I declare y'all are in a 12-piece bucket o' trouble. But I done struck you a deal: Five hours of community service cleanin' up that ol' mess you caused.",
   "live":{  
      "live_videoID":"1524",
      "live_timestamp_start":1433181600,
      "live_timestamp_end":1446487200
   },
   "archived":{  
      "videoID":"yBevB7XFcA0e9wC0q7niuA"
   },
   "products":[  
      "Cloud", "Chatter"
   ],
   "tags":[  
      "SMB", "Enterprise"
   ],
   "speakers":[  
      {  
         "speaker_name":"Test User 1",
         "speaker_title":"Chair, President", "image":"WtxrUJ_I.png"
      },
      {  
         "speaker_name":"Test User 2",
         "speaker_title":"CEO of Company","image":"7FsEghTJ_400x400.jpeg"
      },
      {  
         "speaker_name":"Test User 3",
         "speaker_title":"Co-Founder of Company","image":"gFVwu2oG.jpeg"
      }
   ]
}